Lat,long,Rain
-34.8497,142.7807,25.4576079674294
-34.8000,142.7500,26.078543083900225
-34.7233,142.7902,26.104405196543745
-35.3833,142.0667,28.475166666666663
-34.1000,141.8000,17.50726475279107
-34.4667,142.2000,24.56133774379742
-35.2858,141.4935,29.768518518518523
-35.2000,142.9500,28.30833333333333
-34.5000,142.4000,21.68668767507003
-35.2339,141.3828,25.742722165474976
-34.8000,142.4667,26.22687249857062
-35.1966,142.8014,25.497966602111337
-35.1702,143.0001,25.90295761351836
-35.0974,142.1716,26.166614615543182
-34.8833,143.2667,26.101288540163537
-34.2262,142.1512,22.918655956112858
-35.2000,141.4000,22.336722883597883
-35.9448,142.0401,25.71806464646465
-35.1136,142.9194,23.46859393939393
-34.4000,141.7000,21.559235527963732
-34.8833,143.1333,25.06625982042649
-35.1000,142.6500,24.662186379928322
-34.4613,141.3923,23.36827355836849
-34.7122,142.9276,24.375806673001794
-35.0551,142.8832,26.149678932178933
-34.2133,142.0400,23.92325336700337
-34.1667,142.0667,23.188291245791255
-34.2000,142.0000,21.059848484848487
-34.3895,141.3352,22.77181628313207
-34.3846,141.7580,23.159308346624144
-34.2358,142.0867,23.838027106508125
-34.2164,142.1667,24.624863387978134
-35.1500,142.6667,25.660808080808085
-35.0000,143.0000,25.920512820512823
-34.2942,141.1730,21.758676046176046
-35.1667,141.1000,26.746376811594196
-34.1928,141.5996,22.887894109635685
-35.2628,141.1789,27.011833552920518
-35.3167,142.7000,26.789937090200247
-34.3167,141.3333,20.725543478260875
-34.7536,142.7421,24.75212121212121
-34.9272,142.1765,24.99910300925927
-35.1762,142.3700,27.2447120780454
-35.1833,143.3333,28.99977664576803
-35.1670,142.2781,27.454267869535038
-35.0682,142.3125,27.61172248803827
-35.2500,141.1000,26.1946952281435
-35.5000,143.3000,24.17653897891186
-35.2551,143.3471,27.620726984126986
-34.3620,141.9038,22.396881901311243
-34.3075,142.1882,23.562044593663916
-34.5898,142.7686,24.90810420219511
-35.1000,142.2000,25.675866402116398
-35.1000,143.2000,24.985288367546435
-34.2000,141.8667,20.80921052631579
-34.5000,141.3000,23.16409090909091
-35.2000,141.5000,25.452698928056083
-35.2000,143.5000,26.758593803200547
-35.2000,143.4000,25.35111255411256
-35.1667,141.8167,26.04130090248734
-35.1000,142.5000,25.416562500000005
-35.0924,141.2611,25.198527543114928
-35.1201,142.0040,27.567976358267064
-35.1369,142.0237,27.912835906232143
-34.7000,142.7000,23.749501223414267
-34.3883,141.5954,22.74670760233918
-34.5000,141.9000,23.400437317784263
-34.9536,142.7392,24.739610985023596
-35.1000,143.3500,27.702601010101013
-35.3000,143.5000,23.0606746031746
-35.1500,142.4833,27.89086629001883
-34.4000,141.4167,22.966908661908658
-34.8000,143.1000,24.559832451383205
-34.5000,141.5333,27.006249999999998
-35.4000,142.6000,29.34375
-34.1833,142.2000,22.394301327088215
GAUGE,-35.1000,29.948645833333334
-34.9500,143.2333,45.9875
-35.3000,142.0000,24.481723484848484
-34.4000,142.0000,18.244105528973947
-35.2833,143.0500,28.210842188114917
-35.4000,141.1000,24.878125000000004
-34.7500,142.3000,26.554285714285715
-34.2333,142.1667,26.579722222222227
-34.5000,141.7000,24.85422430830039
-35.4000,142.7000,24.396294021294022
-34.2000,141.5000,22.22699885148866
-34.6000,142.2000,23.309199134199133
-35.3000,142.3000,26.72396577380952
-35.0500,143.3000,26.979274891774892
-34.4000,141.8000,20.223217893217893
-35.2000,141.8000,24.113345864661653
-35.3000,141.3000,26.47705176767677
-34.4667,141.2667,24.469128787878784
-34.4833,142.3500,28.295350443207585
-35.1890,142.3725,25.689962846859398
-34.6333,142.0000,17.035
-34.7164,143.1506,28.00426046176046
-35.2484,141.0808,28.03354598617756
-35.2848,141.4949,27.105181277056282
-35.1683,141.6922,27.60708527583529
-35.3678,141.0625,27.901020100756945
-34.9470,141.0054,25.672132034632035
-34.7667,142.3333,27.26942959001783
-35.2000,141.6000,24.887116620752987
-34.2833,141.5833,20.527261904761907
-35.2000,142.5000,25.220454545454547
-34.2000,141.8000,19.79166666666667
-34.3500,141.8000,21.363095238095244
-34.8000,142.4000,23.330815811172958
-35.3333,142.0833,20.774242424242424
-34.8333,143.1000,23.51444444444444
-35.0667,143.0667,25.321212121212124
-35.3500,142.4167,28.584848484848486
-34.6000,142.7833,31.54939393939394
-34.9000,142.8000,25.53333333333333
-35.3000,142.1000,26.947916666666664
-34.8000,141.0000,19.449166666666667
-34.8667,142.3000,25.208754208754204
-34.2667,141.3333,14.369978354978354
-35.2333,143.1833,27.80924242424242
-34.1051,141.0166,23.859753302253303
-34.2747,141.5878,21.147031250000005
-34.7223,142.9297,24.01587301587302
-35.7000,143.7000,26.076684704184693
-35.9809,143.6479,31.914808259587023
-35.6000,143.6000,26.839416896235075
-35.9000,142.4000,28.012664609053495
-35.9368,142.4213,30.62379887585531
-35.6367,142.9950,28.49153679653679
-35.9000,142.8500,29.085791245791242
-35.9825,142.9156,30.88434932414525
-35.9244,142.8510,29.511845480390242
-35.5504,142.9207,27.266350108225105
-35.7151,142.3569,24.983333333333338
-35.8726,141.3884,25.833333333333332
-35.7833,143.6667,27.614863945578225
-35.7170,143.1074,29.69568823152158
-35.5574,142.5432,27.761028492836527
-35.9743,143.6099,31.717829226847915
-36.0000,143.5500,32.693697916666665
-35.7344,142.3703,28.25543689320389
-35.9167,142.1667,29.430729166666662
-35.9000,142.8000,28.55895059223184
-35.5414,143.5284,27.121805836139174
-35.6000,143.8000,26.311843584656074
-35.6694,143.3769,30.332646167557932
-35.4500,143.6333,33.963977072310406
-35.4609,143.6286,28.108287057769818
-35.6071,142.5811,27.14151126651127
-35.9653,143.7809,29.81705586080585
-35.7980,142.8767,29.333645171957656
-35.7000,143.3000,29.811627906976746
-35.9963,143.0353,29.313372492647304
-35.8500,143.1667,29.13572871572872
-35.7000,142.0000,24.938497206103595
-35.3832,142.1869,27.869078910220207
-35.9296,143.4992,30.217370699475957
-35.8975,141.9950,30.391283622744293
-35.8317,141.9370,30.41623612154604
-35.8715,141.8172,29.663122155622144
-35.8000,142.4000,24.68743658810326
-35.5046,142.8493,27.816013257575758
-35.5254,142.7267,26.697075629173092
-35.4004,142.4380,24.95913986252696
-35.3406,143.5533,28.983608205953328
-35.3667,143.5833,21.312878787878788
-35.5000,141.9000,23.30172820643409
-35.5000,143.7000,28.14739692319615
-35.3629,142.9853,25.581076956616517
-35.4699,143.2669,29.16813494949495
-35.3667,143.1000,26.55994444444445
-35.7500,142.8000,27.818829676071072
-35.9417,141.9350,28.633357193987127
-35.6803,142.6664,28.837373796513127
-35.8167,143.0333,28.8165300546448
-35.4667,142.3000,28.11381772268136
-35.4667,142.4667,27.54627976190476
-35.8409,143.5145,31.073731350199235
-35.9000,142.3000,29.843061189993247
-35.8000,143.6000,27.84157778391821
-35.7000,143.9000,26.645930232558143
-35.5000,143.5000,28.555314625850343
-36.0000,143.7000,29.582047325102877
-36.0167,143.3833,30.97584175084175
-35.7000,142.4000,29.13119658119658
-35.7000,143.5000,25.466881720430106
-35.4000,143.7000,27.99633095662507
-35.6000,143.1000,25.11347842261904
-35.8000,143.4000,28.645075757575754
-35.9000,143.4000,27.723563218390797
-35.4000,143.5000,27.17611459421804
-35.4000,143.1000,24.053282828282825
-35.8167,143.0500,29.416534090909096
-35.7500,141.9000,29.03902198678514
-36.0000,143.5000,34.15
-35.9167,143.7500,33.44861111111111
-35.4167,142.6667,27.60243764172336
-36.0000,143.4000,29.864059714795008
-36.0086,143.3719,29.049297605686487
-35.9000,143.2500,27.19734848484848
-35.8667,143.2333,28.43860799001249
-35.9338,142.2806,28.733887987012984
-35.8966,141.9915,30.154358070500933
-35.3500,143.5500,28.04499438832772
-35.9333,143.2167,27.09521072796934
-35.8667,143.8500,33.54986225895316
-35.7253,142.3656,28.207686322686328
-35.9870,142.9150,27.665043360778654
-35.8500,142.8000,33.28554112554114
-35.9833,143.8000,28.40219298245614
-35.5500,143.7667,26.290435606060605
-35.9472,141.0311,32.83541666666667
-35.3766,143.5416,25.00146290491118
-35.6704,142.2688,26.567575757575757
-35.6856,142.0031,33.92407407407408
-35.9974,142.0105,32.718518518518515
-36.3575,142.3339,31.290524384469688
-36.1011,140.9950,31.387309523809524
-36.1000,143.1000,29.95209845181814
-36.1050,142.6081,29.204574468085095
-36.3500,141.5000,34.491499999999995
-36.0667,142.4167,29.041240720457587
-36.0667,143.3167,27.953194444444446
-36.4500,143.1000,31.0770303030303
-36.3000,141.4500,36.14712794612794
-36.3000,141.5000,35.26966585399592
-36.4644,142.0327,33.67544389472962
-36.4000,143.0000,33.95978002920774
-36.1000,142.6000,28.879791759964167
-36.3986,141.8797,33.248376022126024
-36.2560,141.8588,32.40707148407149
-36.3093,141.6486,30.063351698806244
-36.6064,142.3608,33.6522619047619
-36.6000,142.4000,33.504939997258944
-36.3203,142.4161,27.370987654320984
-36.3000,142.1000,33.916101694915255
-36.4500,142.8000,33.28003293807642
-36.1000,141.9500,28.28302469135802
-36.0667,141.8500,40.880761904761904
-36.4000,141.4500,39.51490610328641
-36.4000,141.1000,41.665750528541224
-36.3664,141.1144,38.8645783263671
-36.3000,141.1000,39.586111111111116
-36.2833,142.8500,30.517667807103294
-36.1526,141.7586,31.331446581822537
-36.4597,142.5881,33.46823122529645
-36.0821,141.1003,36.18703703703704
-36.3347,141.6367,34.24111523397238
-36.3982,141.8793,34.5575
-36.3009,141.7719,33.44080225330226
-36.3667,140.9833,41.53543507362784
-36.3500,142.5000,30.825778787878797
-36.1500,142.8000,28.838111111111107
-36.2500,142.4000,32.46138953638954
-36.2705,142.2165,31.11373073593073
-36.1481,142.8597,31.737500879139535
-36.2891,141.7432,34.139222803575315
-36.2483,143.1793,31.2718
-36.0775,143.2268,31.369230346947745
-36.1114,141.4182,33.35488707674755
-36.1000,141.9000,28.417905405405406
-36.5167,142.1667,34.884175084175084
-36.5333,141.6333,38.98152173913043
-36.5500,141.2333,43.16850241545894
-36.3000,142.6000,30.33484848484849
-36.1000,141.6000,26.099511784511787
-36.3000,142.7000,29.285886243386244
-36.0833,142.4167,29.725900900900907
-36.1500,141.3500,35.34642857142857
-36.5167,142.7167,33.23133333333333
-36.2500,142.7500,32.313281249999996
-36.3833,142.9833,32.80138888888889
-36.3667,141.9833,40.053494623655915
-36.4500,142.6000,32.34929971988795
-36.4000,141.3000,38.13361388611388
-36.3000,143.1500,31.719157088122603
-36.2500,141.8000,31.173630303030304
-36.6000,142.1000,33.84
-36.4333,141.5667,41.077380952380956
-36.8000,141.0000,48.07208333333333
-36.0500,142.2000,29.040210803689064
-36.4000,141.7000,33.41546296296297
-36.1000,141.1000,30.275959595959602
-36.3611,143.0038,32.01520886474774
-36.3721,141.2422,40.07037037037036
-36.4250,141.3347,38.58618326118326
-36.2131,140.9956,36.52288031833486
-36.4667,142.4000,37.03854166666667
-36.2614,142.4050,32.47261947203123
-36.3725,141.2427,37.278601229688185
-36.2833,142.1333,33.67916666666666
-36.2964,142.0243,31.22894388803287
-36.4500,141.3000,32.956101731601734
-36.2705,142.2162,36.099915824915826
-36.1000,142.3000,29.304372759856633
-36.1000,142.9500,30.701346049783552
-36.1442,141.9928,31.729022630486057
-36.1147,141.4612,35.998148148148154
-37.2000,143.4000,51.33058333333334
-37.0000,141.1000,49.517649147727276
-36.9532,143.1976,44.08023331606664
-36.6994,143.1594,38.96998994005089
-37.1500,142.6500,48.62042181069959
-36.8500,141.2000,47.35227272727273
-36.6000,142.7000,33.422366255144034
-36.9833,141.4667,48.6626449682005
-36.9389,141.8713,41.202548021195554
-37.1000,143.1000,44.224180161402394
-36.7768,142.3937,35.931536796536804
-37.0328,141.2840,47.46435868424507
-37.1000,141.0000,50.33375603864736
-37.2000,143.3000,52.33922443614224
-37.1778,143.1529,49.28627104377103
-36.8721,142.6308,41.42860518449806
-36.7281,142.7303,36.54982993197279
-36.7181,141.4729,41.90232378732379
-36.8267,141.4681,42.2805269077328
-37.1846,142.8553,45.28148028795414
-37.2000,142.5000,76.60029629629629
-37.1660,141.5919,47.277823472823464
-37.0826,141.5633,47.01630620723361
-36.6613,142.0687,36.914099597585505
-37.2000,142.7000,46.479303675048364
-36.8639,141.4797,43.65711417900495
-37.0333,142.5833,48.22338855218854
-37.0062,143.1317,42.11510056315367
-36.6722,142.2991,33.880236703772425
-36.7000,142.9000,36.77963855421686
-36.7000,141.2000,46.93370772946862
-36.9865,143.2727,48.93179679863145
-36.8612,142.9332,37.50549905838041
-37.3000,143.4000,57.17468831168829
-37.3011,142.7656,46.783283444950115
-36.6206,142.4711,35.25503008811517
-36.7416,141.9429,36.4187296037296
-36.9000,143.1137,43.54846235795454
-37.2000,142.6000,59.85812603648426
-36.9065,143.3384,47.39417140151515
-36.6175,143.2644,41.61899129223268
-36.5500,143.3000,37.232291666666654
-37.1000,142.8000,44.42834776334776
-36.8000,143.3000,48.63234528382417
-37.1000,142.0000,47.2943137254902
-37.0000,142.0000,36.82342657342657
-37.0935,142.4345,71.61000561167226
-37.0000,142.3500,48.59331926863573
-36.8000,143.2000,42.07584259259259
-36.9000,142.3000,43.45368006765548
-37.3162,142.6975,52.27199516170105
-37.0432,142.6354,49.78500000000001
-37.2300,141.9609,50.926414943081625
-36.6000,142.8000,31.727791068580544
-36.7333,142.3667,33.62976190476191
-36.7000,143.4000,45.06942501942501
-36.9333,142.9000,42.10092592592593
-36.7000,141.4000,42.96250793650793
-36.6000,143.4000,38.08691176470589
-36.5000,143.2000,33.11468915343915
-36.7000,141.6000,34.00567099567098
-36.8000,143.0000,39.615629251700675
-36.7000,142.0000,46.15152777777778
-37.0000,142.2500,40.79280303030304
-36.7500,141.0667,45.37154118404117
-36.5500,142.5000,32.730753968253964
-37.0667,142.2333,44.58690476190476
-36.6000,143.0000,37.89393939393939
-36.7000,142.1500,38.5207671957672
-36.9681,141.0834,47.35127069304152
-36.8000,143.5000,40.89844827586207
-37.1917,142.6094,57.1623623330075
-37.1428,142.5172,82.07596525696528
-36.6287,142.6321,35.293489057239064
-37.0500,141.7167,40.67171822390573
-36.8676,142.5217,45.54717861848296
-37.0607,141.9882,40.83419590643275
-36.7913,143.1207,43.129869486948685
-37.0717,142.7908,47.53698412698413
-37.2667,143.2000,64.56151515151515
-36.7007,142.2009,34.79201395619306
-36.8698,141.0101,42.40560891938251
-36.7331,143.1525,45.669074074074075
-36.8667,143.2167,67.70833333333333
-36.8637,143.1230,44.061028554778545
-36.7831,143.1812,39.90640303030304
-36.8333,143.1833,50.34
-36.8303,143.1058,46.594208211143695
-36.7833,143.1667,68.27272727272727
-36.7500,143.1833,59.61999999999999
-36.8333,143.5000,40.48833333333334
-37.0500,142.5667,46.091402116402115
-36.7667,141.0667,46.197109557109556
-36.7167,141.0167,47.182878787878785
-36.7500,142.6500,37.36944444444445
-37.1169,141.8031,41.29736652236652
-36.7667,142.3667,36.980606060606064
-37.0222,141.2657,40.19061111111111
-36.6699,142.1733,31.06964285714286
-37.2281,143.2005,56.3915824915825
-36.7259,142.7294,37.24388888888889
-37.2950,142.6039,95.50654040404041
-37.2075,141.3625,53.922954545454544
-37.0720,142.7402,39.651132009752686
-36.9031,142.3583,33.058213383838385
-36.8128,141.2592,41.28024691358025
-36.8132,141.2599,43.10472222222222
-36.0167,145.0000,31.068473928473928
-35.5100,143.8250,29.5976116303219
-36.1160,143.7229,33.285715617715624
-36.2667,144.0833,31.21585144927537
-35.9748,143.8521,30.271471783047883
-36.0261,143.8617,29.64333992094862
-36.3000,143.4000,35.84395534290272
-35.9164,145.6500,39.06454902560963
-35.8001,144.2083,30.877885536398466
-36.4774,143.3525,36.329259707953746
-36.2500,144.8000,32.98643527833668
-36.0000,145.0000,35.272222222222226
-36.3667,144.2333,32.83152610441766
-36.0599,144.2119,34.43683035714285
-36.1351,143.9184,32.500996006577395
-36.1639,144.7639,35.56055763110557
-36.2833,143.8833,33.18623188405797
-36.0406,143.9403,29.30266934046345
-36.1000,143.4000,31.432401129943504
-36.1620,143.3311,30.63312450592886
-35.9660,144.3712,31.355370851370854
-36.1000,144.9500,33.032146464646466
-36.0833,145.6833,37.68832075216452
-35.7236,143.9196,31.138888888888886
-35.8679,143.7995,29.92786137234413
-36.1500,145.0000,36.09185281385282
-36.3567,143.7053,37.472016528925614
-36.3203,143.7350,34.894532676159166
-36.3167,145.0500,37.223759920634926
-36.1509,143.5182,30.99763744588743
-35.9000,144.3000,30.784583333333323
-36.3500,144.5000,34.813819444444455
-36.0167,145.0167,35.302884172992854
-35.9000,144.0000,29.884867424242422
-36.1000,145.0000,32.91197848045673
-35.8333,144.1167,28.864204545454545
-35.9681,144.1073,30.550028712180342
-36.2167,144.2333,32.524311645019004
-36.1500,144.2000,33.23064454064453
-36.1861,144.0565,30.69101680871211
-35.5333,143.9167,28.947247023809524
-36.2333,143.7667,32.806691661513085
-36.0591,145.2031,35.03508136924802
-36.1000,145.4500,37.44416666666667
-35.9925,144.4227,30.44613431707181
-36.0000,145.1000,30.811412812333877
-36.3000,144.3500,32.106128092774426
-35.9500,145.3000,34.59270531400965
-36.0500,144.1000,30.21666666666667
-36.3612,144.7110,37.083992820769694
-36.0000,145.5500,26.283472222222226
-36.3666,143.9522,34.226472656827
-36.3000,145.4000,35.665087095444235
-36.4296,144.2497,34.01428249890207
-36.2991,144.4317,33.788063973063984
-36.1500,144.4000,28.36121856866537
-36.2507,144.9591,36.57331127060074
-36.2000,145.0000,34.87957392102847
-36.1000,144.5000,31.689154942279945
-35.9167,145.4000,37.10818452380952
-36.0500,145.3333,35.74492482969226
-36.4183,143.6123,39.26427703609523
-36.1000,144.6500,31.594789196310934
-36.2500,143.6000,34.262105907560446
-36.0000,145.3000,35.29277777777778
-35.9258,145.5560,38.06738719092102
-35.9000,145.2000,33.96599868485944
-36.2715,143.3450,34.207637973942326
-36.2500,144.6000,33.99980158730159
-36.3000,143.5000,36.07896400984636
-35.9000,145.7000,36.0238888888889
-36.6000,143.8000,38.23300084175085
-36.1000,145.3000,41.29855769230768
-35.8000,143.9333,28.319871794871787
-35.7333,143.9000,27.048299319727892
-35.6500,144.1500,32.20547619047619
-36.0833,145.2000,35.88671630094043
-36.0167,145.1167,37.19537037037038
-36.3500,144.7167,35.64907276850135
-35.8667,144.0833,27.441668152109333
-36.2500,145.1500,35.44842362399506
-36.3167,143.9833,35.08333333333333
DOWNS,-36.0000,31.589444444444446
-35.9000,145.5000,31.793596059113302
-36.4000,144.8500,34.518808887191234
-35.8500,144.0000,27.70654761904762
-35.9333,145.2167,34.40761784511784
-36.3350,145.0638,37.60673041894355
-36.2000,143.4000,30.118692090073665
-36.2230,144.5367,34.03487603305784
-36.0875,144.0922,32.40078548644338
-36.3833,143.3333,41.34166666666666
-36.2983,144.1393,34.07965351186283
-36.4093,143.9752,35.049359567901234
-36.1333,145.1000,38.9375
-36.0921,145.4531,36.7936503080253
-36.0597,144.1150,32.467642211589585
-36.3794,144.2298,33.19736712361713
-36.2000,145.0500,41.730303030303034
-36.0500,145.6167,10.135
-36.2667,143.9833,32.94534632034631
-35.9119,145.6446,38.84647229221855
-35.7357,143.9295,30.050260642135637
-35.6333,144.1333,28.726500000000005
-35.9000,144.3167,35.62175324675324
-36.3500,144.9667,35.65203703703704
-36.1500,145.4833,44.05538033395176
-35.9333,144.3000,26.339999999999996
-36.1333,144.0500,29.475000000000005
-36.4333,144.1667,35.02777777777778
-36.4500,143.4500,43.74388888888888
-36.3833,143.4167,26.79493371212121
-35.7500,144.1333,33.84583333333333
-35.8833,144.0333,26.801818181818174
-36.3333,143.7500,26.655833333333334
-36.2667,143.5167,32.020833333333336
-36.1167,143.8500,31.78225677830941
-35.8876,145.3879,35.91664299242424
-35.7176,143.9111,30.22595520421607
-36.1149,144.6282,28.643639570306238
-36.2846,143.3341,31.402380952380955
-35.9009,145.4935,39.03322510822511
-36.2705,144.1718,34.0406746031746
-36.4442,143.3061,37.08744444444444
-37.0887,143.4747,44.61610788738448
-36.8000,144.4000,42.7962962962963
-36.7892,143.5437,38.67146317999977
-36.7533,144.2825,45.87455470737914
-36.2667,146.0500,46.818049242424266
-36.6500,143.9333,35.258173737373745
-36.6722,143.5522,37.13223453543703
-36.4565,145.6569,43.64230625931446
-36.5421,144.7751,42.61490700657368
-36.4000,145.1000,35.6238988095238
-36.4500,144.8000,35.274119484316856
-36.3000,145.9000,43.168161375661384
-36.3717,145.7048,45.42694436768904
-36.4500,144.4500,36.41796363636364
-36.7333,144.2333,45.392414529914525
-36.4956,144.6083,38.06362201561065
-36.4150,145.9225,45.705561532166016
-36.6000,144.5000,38.960375939849655
-36.7180,145.1731,45.17464692378331
-36.5753,143.8695,38.4358540440375
-36.1500,145.6000,37.1498027898028
-36.2500,145.6000,39.386995614035094
-36.2167,145.5500,37.28303451178451
-36.5000,145.5000,43.44790254294971
-36.8333,144.5833,43.85788794538793
-36.8339,143.8917,37.871337266470015
-36.3000,146.0000,41.83811507936509
-36.7000,144.1000,36.829390876841344
-36.3000,145.8000,43.39501984126986
-36.3667,145.1333,39.084469696969684
-36.6837,145.5103,48.92007380210652
-36.6436,145.4197,43.003002199413515
-36.3989,145.3448,40.663600736042575
-36.6146,145.2143,45.04248932991891
-36.6500,145.2000,44.33968360071301
-36.7833,145.1667,46.387854737854724
-36.9405,143.4686,38.22640340689124
-36.2000,146.2000,46.27552845528456
-36.5340,144.2080,37.08300711193567
-36.5000,144.6000,36.86518445322795
-36.5915,145.0162,43.84814355089355
-36.3798,145.3935,42.40914118457301
-36.4000,145.5000,41.248481818181816
-36.4436,144.9840,37.353027874902885
-36.7689,143.8288,38.904997755331074
-36.4431,145.2300,40.14600000000001
-36.4379,145.2673,40.19654801022272
-36.7167,144.7000,40.64279703404704
-36.1634,145.8838,42.672268089053794
-36.6000,144.9000,38.6139552238806
-36.5107,145.0904,40.366402203856744
-36.6000,145.1000,42.23223436900653
-36.1569,146.0125,41.831265705838874
-36.2000,145.7000,36.28888888888889
-36.0281,146.0044,43.40746376811593
-36.6008,143.9412,36.282180612008865
-36.4000,145.2667,50.878273809523805
-36.9000,144.3167,62.06328282828284
-36.8000,144.5000,42.60825358851674
-36.5000,145.3000,36.171945887445894
-37.0833,143.4833,41.71901515151514
-36.2000,146.0833,42.18210998877666
-36.0000,145.9000,35.885081585081586
-36.4500,144.9000,35.973416666666665
-36.7000,144.4000,36.942297979797985
-36.5000,143.5500,36.647876683501686
-36.7500,143.9000,37.643181818181816
-36.9000,144.2000,49.737510398098635
-36.8000,144.8000,46.00496392496393
-36.6500,143.7000,40.48191609977325
-36.9000,144.0000,41.16256485060833
-36.9167,144.3167,49.17196293290042
-36.2500,145.3833,40.69050505050505
-36.8000,144.0000,38.97676236044658
-36.1500,145.7000,33.84722222222222
-36.3000,145.8500,41.68484848484849
-37.1000,143.6000,42.17392473118279
-36.5500,145.3000,42.94384057971015
-36.8464,144.5267,42.521781986532
-36.3608,145.4594,47.430680272108845
-36.8593,143.7295,41.171480186480174
-36.8639,144.3221,51.90373648768385
-36.2567,146.0433,42.37459815546772
-36.8333,144.2333,46.91306660763479
-36.5692,144.0739,34.21580997565845
-36.7446,143.6788,44.36400470874153
-36.5486,143.6958,41.73017283950617
-36.8645,143.9784,39.846011131725426
-36.9000,144.0833,49.35856481481482
-36.4475,144.7611,43.68824451410659
-36.5901,145.3118,43.495019910644906
-36.8167,144.7333,58.305952380952384
-36.7167,144.2500,44.156779797979794
-36.0000,145.7500,38.087500000000006
-36.7682,143.9866,37.444574970484084
-36.3500,146.0667,47.298414276695524
-36.5333,145.4000,44.488749999999996
-36.1667,145.8000,44.24038461538463
-36.1000,145.9333,32.69770562770562
-36.4333,145.1333,36.440625
-36.4833,145.1667,41.92551282051282
-36.3667,145.7167,45.605555555555554
-36.6667,144.8167,74.70916666666668
-36.6667,144.8833,40.551818181818184
-36.4344,145.2278,38.863891143578634
-36.6284,144.8727,41.670204000792246
-36.4556,146.0239,45.92447916666667
-36.4717,146.1367,49.28295454545455
-36.8093,144.6203,43.48959842325697
-36.0967,146.2200,38.88666666666666
-36.5832,145.0122,44.66134090909091
-36.8449,144.2415,46.97748222970445
-37.0382,143.4812,38.082995670995686
-36.7411,144.3274,43.01045008912656
-36.0294,146.0305,40.002664930555554
-36.4288,145.3949,37.492857142857154
-36.7383,144.2550,46.415000000000006
-36.8867,143.5022,31.089624819624813
-36.7448,143.8254,32.47644628099174
-36.1135,146.6841,45.875452577725305
-36.3702,146.7132,79.54704354869449
-36.5483,145.9703,55.750460606060585
-36.6500,146.0000,62.00942028985507
-36.6667,145.9667,58.45280423280424
-36.1000,147.1000,63.383984375000004
-36.2222,146.2831,48.70114600550965
-36.0000,147.5500,76.57846491228071
-36.4552,147.4318,84.8506397306398
-36.6085,146.5371,76.02420421607377
-36.1491,146.6106,57.506304421768725
-36.2003,147.8956,64.36968390804599
-36.4000,147.6000,77.00319113756615
-36.2000,147.8000,67.75968962585033
-36.2000,147.9000,65.35280538749637
-36.3093,146.5224,55.45685270696381
-36.7569,145.5660,53.912455716586145
-36.4000,146.5500,53.215357915893605
-36.7692,147.6952,89.67720470006186
-36.9000,145.6000,65.5559075448361
-36.6000,146.3000,59.061459025470675
-36.0964,146.6008,51.74661210690136
-36.4462,147.0431,76.47243773946362
-36.7000,146.4000,84.40468278847592
-36.1523,147.4938,92.62361162646877
-36.8167,145.9500,78.89115534738484
-36.2833,147.6167,79.06038616686344
-36.6000,146.4000,60.92031024531025
-36.2000,146.9000,64.86357644770688
-36.4560,146.4299,54.06145766609182
-36.5500,147.4000,84.81755812089146
-36.6625,147.4319,124.3638888888889
-36.5758,146.3783,63.00921877127068
-36.6975,146.2852,80.15405068123093
-36.5667,146.7333,75.33750960307295
-36.3336,147.7968,85.97189171122997
-36.3000,146.9000,66.70760376878023
-36.9667,145.5000,63.34956476856475
-36.0550,146.4783,48.787349999999996
-36.1048,146.5094,48.8701636904762
-36.0500,146.4000,45.16679687500001
-36.1859,146.4694,51.32982112794615
-36.8472,145.7307,79.87815348608031
-36.7871,145.8225,88.77063717212656
-36.4333,147.2000,80.06366180603023
-36.2161,147.1764,66.86176374859713
-36.2509,147.0263,63.23404844026795
-36.1871,147.3552,70.50215549657153
-36.3000,148.0000,68.8156238309016
-36.6324,145.7181,53.959770936313525
-36.0000,146.4000,44.7257081070241
-35.9631,147.7366,66.76519177280048
-36.3667,146.3000,52.93941964285715
-36.6500,145.8833,61.52496954595791
-36.5031,146.6019,63.08947489018922
-36.1180,146.9061,59.48059355935591
-36.3025,146.7299,68.32027537277536
-36.3291,146.8487,79.18636062578513
-36.4167,146.7667,102.78963963963963
-36.1992,148.0244,73.61151671151671
-36.7025,146.0342,72.16693795093796
-36.0508,147.9389,60.51085998877665
-36.6833,147.2333,85.7186274509804
-36.4167,146.8667,78.35753367003367
-36.2833,147.4000,78.2546753246753
-36.7333,147.7667,95.61833333333334
-36.5293,147.3748,86.66963734567899
-36.5531,146.4583,63.471428571428575
-36.7000,145.6000,50.14755681818181
-36.1500,146.6500,50.81704906204906
-36.5500,145.9500,61.57319551008809
-36.2500,147.7000,82.97622324434825
-36.3000,148.0500,75.225
-36.5352,147.4984,82.02907623857631
-36.5000,147.0000,73.98058035714287
-36.4500,147.3000,78.20160582010584
-36.5000,146.2000,56.201098901098895
-36.0000,146.5000,45.67495238095238
-36.2000,147.0000,63.32617845117846
-36.8040,145.4180,52.232787989788
-36.7136,145.7603,68.08040824915825
-36.1000,146.5500,48.46293859649123
-36.6000,147.4000,91.40804421768709
-36.4000,146.8000,97.77833850931677
-36.1347,146.8889,62.484829059829046
-37.0018,145.5680,72.11914702581369
-36.4793,147.0297,77.20501907696821
-36.1667,147.3500,73.42765151515152
-36.1821,147.5515,94.4184475709476
-36.4658,146.2217,57.65789930555556
-36.5950,145.8650,53.979274637725354
-36.9005,145.5228,69.6011503017185
-36.1873,147.3050,74.88677565124932
-36.7497,146.1178,69.92627164502166
-36.5189,147.0728,75.7450341991342
-36.1333,147.0000,64.99749373433583
-36.4264,146.5106,58.30192793317792
-36.1430,147.3772,78.07312663673774
-36.0244,147.5475,72.21720135023709
-36.8314,146.3982,89.14381414141413
-36.4083,147.2333,80.61243386243387
-36.8550,146.0046,69.98292011019284
-36.6133,146.1131,59.508938492063486
-36.7565,146.0944,69.09894316542044
-36.4970,146.6634,65.55869696969697
-36.6533,146.8567,95.9437852551489
-36.5617,146.7125,72.28603010625737
-36.3500,146.3333,47.41547619047619
-36.4667,146.0333,51.60381944444445
-36.6083,146.3583,55.5569515151515
-36.1256,147.0995,64.62146627565983
-36.6333,146.7000,50.075
-36.5000,146.5500,75.35194805194806
-36.5080,147.2144,97.45689616755793
-36.3500,146.3417,51.81792592592592
-36.1167,146.1333,59.13591269841271
-36.0500,147.9333,63.170238095238105
-36.8167,145.7667,90.32777777777778
-36.8833,145.7000,76.16458333333333
-36.1425,146.2486,45.25904902407536
-36.5131,146.4483,54.31070303030303
-37.0167,145.8000,55.51338974567098
-36.2619,146.8556,91.93515840220385
-36.6918,145.8741,73.94873614190685
-36.2333,146.7833,48.971666666666664
-36.7864,145.6081,58.252232854864445
-36.3192,146.6803,64.72266554433223
-36.4205,146.3056,50.72935273790536
-36.2137,147.5395,100.18783922171018
-36.8542,145.9381,80.99330721003133
-36.6733,145.4961,44.54920634920635
-36.9461,146.2197,75.89733333333332
-36.7861,145.6581,48.28673131313132
-36.8167,145.6400,52.94248484848485
-36.8753,145.5783,55.64155555555555
-36.9322,145.5842,58.67155555555556
-36.9217,145.6769,60.40501414141414
-36.8278,145.8494,69.67146666666666
-36.7858,145.5683,48.99783838383838
-36.8628,145.7333,70.49369696969697
-36.8206,145.7050,62.41066666666665
-36.8892,145.6814,61.213111111111104
-36.8211,146.1278,76.7148888888889
-36.7903,146.2800,92.24343030303032
-36.7400,146.3400,76.29218855218855
-36.7478,146.5362,86.52653939393939
-36.5775,146.8203,74.581955922865
-36.6364,146.5547,76.42554112554113
-36.9502,146.0095,60.35383219954648
-36.4186,146.5572,56.785757575757565
-36.5344,146.2181,59.43197887970614
-36.2153,147.3189,67.63214285714285
-36.1826,147.8942,65.89059011164277
-36.5522,145.9977,48.83203083466241
-36.0424,147.8957,66.55397241647242
-36.2491,147.0954,70.44406204906204
-36.9064,146.2389,110.96992916974622
-36.8799,147.0620,96.26723484848483
-37.0000,146.0000,66.17910256410255
-36.9453,147.7410,55.229212348201116
-36.8056,147.2239,150.09991550116547
-36.7000,147.0000,89.64356607811665
-37.0333,147.2667,53.483143939393926
-36.8064,146.6250,100.0458199506587
-37.1500,146.1000,65.5770202020202
-36.6344,146.8628,94.872029731275
-36.9000,147.5000,91.2577380952381
-36.8925,147.0644,117.80318809465149
-37.0167,147.6667,51.496991341991354
-36.9833,147.1500,124.83086896842993
-37.2333,146.1500,85.92581090407177
-37.2000,146.3000,114.55951515151517
-37.3014,146.1406,97.53116310160429
-37.0525,146.0872,58.795309954382496
-37.0500,146.0833,60.315513329566336
-37.1000,146.2667,58.69363916947248
-37.1000,146.2000,64.00260890151516
-36.7450,147.1633,104.41426176660221
-37.1450,146.4394,122.30176689252777
-37.1011,147.5980,56.06259541984732
-37.2000,147.5500,56.61186982256428
-36.8000,147.0000,97.6588831867058
-36.9000,147.8000,54.49866666666666
-37.0000,146.2000,77.65407923883073
-36.7513,146.4156,90.5946850079745
-36.8473,146.3225,116.48054108796298
-37.5695,146.2543,121.76820465686275
-37.6333,146.1333,134.1352813852814
-36.9257,147.4230,75.19877457002455
-37.3667,146.2167,113.44598765432097
-36.8633,147.2794,216.765307486631
-36.6566,147.1283,94.40887245953512
-37.5550,146.4933,90.25500000000002
-36.8000,146.6500,141.01321428571427
-37.1167,146.3000,84.80366502866505
-37.5667,146.5833,75.02222222222223
-36.8756,147.2886,187.4732263608306
-37.0000,146.1667,80.84166666666667
-37.6167,146.2833,98.91707482993198
-36.8000,146.8500,123.92222222222222
-37.2500,146.0167,81.00924437830687
-36.8667,147.4667,101.4253968253968
-36.9167,147.4500,78.74807692307692
-37.0000,147.1000,121.69361214182642
-37.1000,147.5833,46.62593795093795
-36.6167,147.1167,98.01472943722942
-36.9167,147.2833,176.88988095238096
-37.3667,146.1667,96.93950598421188
-36.6074,146.7888,85.57584562330327
-36.8547,146.8581,94.89416035353536
-37.5833,146.1833,122.28888888888889
-36.7000,146.9333,94.26671717171719
-36.9410,147.7779,60.07710927456384
-36.8190,146.4818,96.01109389348026
-37.6050,146.2167,127.81000000000002
-36.7313,146.9614,90.62492965367963
-37.0833,147.6000,62.56041666666667
-36.8333,147.5000,102.72526424963925
-36.8500,146.4000,105.07134002361276
-36.7220,146.8189,150.18114100185534
-36.9136,146.3864,99.30441919191915
-37.0322,146.3508,74.82735537190082
-36.7667,146.7833,124.90185185185184
-36.7142,146.6714,85.28685335497836
-37.5164,145.9497,112.32254680004684
-36.9833,147.1478,151.95568027210882
-36.7396,146.4671,85.56047727272728
-36.8708,147.2755,112.761201189383
-36.9772,147.1342,129.94718840187588
-36.7500,146.8833,97.85541223927588
-37.1017,147.6008,55.606911976911974
-37.3016,146.1489,91.34436026936027
-37.3399,146.4242,94.95168418882704
-37.2236,146.6021,120.2982683982684
-37.0004,147.4110,70.52885732323233
-36.7651,146.6634,94.74955387205388
-37.1177,148.9652,57.5013029476311
-37.1136,147.8119,53.90332352652741
-37.1712,148.7228,75.56495665729243
-37.7073,147.8315,62.4217019848838
-37.3000,148.2000,75.97812330898269
-37.4955,148.1760,67.75031214399633
-37.4000,148.3000,80.00056332556333
-37.2789,148.2544,78.93603832442071
-37.7084,148.7093,87.9203507679535
-37.5414,148.9386,85.10841955266955
-37.4000,149.0167,93.81488095238095
-37.5000,147.2500,59.467649147727265
-37.4522,147.2506,61.07570269016695
-37.0667,148.8000,65.94645569620252
-37.1060,148.6863,60.33408108866443
-37.3697,147.8387,58.68479493207945
-37.5679,149.9158,77.96430998294633
-37.2500,148.3000,78.96539855072463
-37.4833,149.5667,78.55098232323235
-37.7500,147.2500,65.64120414673046
-37.4194,147.1161,60.47046485260772
-37.9000,147.9000,52.57331461331462
-37.8833,148.0000,60.00389501071319
-37.7863,148.5456,69.00274693944046
-37.6333,148.6833,87.33090869007538
-37.8506,147.7664,54.62545454545451
-37.5667,149.1500,81.17026315789474
-37.5333,149.1500,83.97915019762846
-37.7279,148.0958,70.01712735462739
-37.6667,148.1833,69.44561811856332
-37.6917,148.4589,70.46445266619688
-37.7000,148.5667,72.7608697983698
-37.4000,147.9000,64.74788359788357
-37.5000,148.5333,81.59158409491745
-37.7500,147.7000,58.18210279082621
-37.2616,147.7230,50.26396288466056
-37.7500,148.9667,75.33166148666147
-37.1793,147.7077,53.89642357092855
-37.1000,148.3000,54.509968434343435
-37.0713,148.5914,56.385800598578385
-37.3721,149.4740,75.18104312354313
-37.4667,149.6667,83.62003434343433
-37.3667,148.6833,85.2148504273504
-37.2333,147.8833,109.26275510204081
-37.0071,148.2666,60.29188311688308
-37.8526,148.0639,64.11683499989839
-37.4167,148.5833,92.5836507936508
-37.8833,147.8500,53.21555555555557
-37.1167,147.8167,58.92137681159421
-37.2000,148.7000,82.14806201550385
-37.5000,148.9000,77.69028326745718
-37.5000,148.1833,69.1298827831258
-37.3500,147.8000,55.51819444444445
-37.3500,147.8167,51.211808080808076
-37.2167,148.2667,79.04122222222222
-37.3000,149.3000,92.53437500000001
-37.5500,149.6833,72.5015289449113
-37.7333,148.1167,72.68901515151515
-37.2500,147.7167,44.60172785547785
-37.6000,147.3500,55.38526936026936
-37.3000,147.0000,55.904268292682914
-37.2500,147.6333,44.36249999999999
-37.6000,149.1000,79.36175925925926
-37.3000,149.4000,70.31865702479338
-36.9500,148.3333,50.215869565217396
-37.5333,149.4667,104.59013888888889
-37.8017,149.2747,80.0335880355277
-37.5697,149.0625,86.85925289763999
-37.5667,149.7500,77.29659090909091
-37.4167,149.1833,82.54374999999999
-37.5500,148.8000,113.18010330578514
-37.2833,149.1333,78.77766666666665
-37.1500,148.8833,66.33518518518518
-37.7513,147.7301,59.85364478114479
-37.6833,148.8000,95.58171717171717
-37.8167,147.6167,59.68589615050347
-37.8000,147.6000,70.11607142857143
-37.8692,147.9961,58.905753968253975
-37.5976,149.7289,78.02235449735447
-37.4315,149.0003,81.63502937538651
-37.8167,147.8667,63.05348484848485
-37.5833,147.3667,63.9175641025641
-37.3333,147.6167,67.73666666666668
-37.5058,147.8476,64.42389419148455
-37.6500,147.5333,80.85187499999999
-37.7283,147.5167,73.11002070393374
-37.7132,148.3954,68.81587807903597
-37.3160,148.0459,72.88884300884303
-37.4333,147.3167,66.95981877599525
-37.5455,148.1357,64.37560163033845
-37.6764,147.5514,64.24572087332956
-37.8833,147.8833,61.22354166666666
-37.8332,147.6205,59.12562744794888
-37.4333,147.1500,53.85071428571429
-37.1333,148.6664,59.513066666666674
-37.8000,148.5333,59.105271464646464
-37.6183,148.7100,89.34882575757574
-37.3667,148.9167,119.60972222222222
-37.2241,148.8243,96.20321484071484
-37.0826,148.2791,58.14155371900825
-37.8333,147.6500,58.19384920634921
-37.5006,148.2717,63.10357048748352
-37.1014,148.4308,53.956919191919184
-37.5656,149.1504,78.09422408609909
-37.7500,148.0833,75.31333333333332
-37.8167,147.8833,52.01933535353535
-37.6500,147.7000,47.44027777777777
-37.6667,149.3333,76.22222222222221
-37.4900,147.1658,57.201454545454546
-37.4000,147.8833,59.96333333333333
-37.3167,148.7000,86.01286332714903
-37.7014,148.4569,73.2692028985507
-37.4772,149.6386,80.1585273217349
-37.3475,149.4806,74.62549943883278
-37.5833,148.8833,82.79722222222222
-37.3811,147.1066,54.41439292929292
-37.0830,148.4141,43.024611330698285
-37.3564,149.2058,61.68751147842057
-37.6833,148.3333,73.17541666666666
-37.6333,149.3333,79.77638888888889
-37.7667,148.0667,72.33208333333333
-37.3339,148.8742,135.0932291666667
-37.3397,148.7120,79.17517732884401
-37.0833,148.4833,53.11666666666667
-37.2667,148.2500,86.05833333333334
-37.4283,148.1983,71.62542613636363
-37.4000,148.6667,81.18333333333332
-37.2333,149.0667,74.20902777777778
-37.7964,147.7559,58.17425666925668
-37.3667,149.0167,68.98333333333333
-37.2200,148.2626,64.56709258483453
-37.3416,149.0227,79.94166666666666
-37.6924,148.0908,69.8675
-37.6922,148.4667,62.402551226551225
-37.8275,147.5936,30.233333333333334
-37.8164,147.5714,54.67860422405877
-37.8395,147.8317,55.2810533910534
-37.8717,148.0060,59.71968178020809
-37.3983,149.0153,83.22102904040405
-37.1125,148.8974,62.67051767676768
-37.7768,148.7049,89.05435606060607
-37.7000,146.3667,90.03940425959415
-38.6775,146.3769,75.72340941236979
-38.4000,146.3000,85.82491312741311
-38.6167,146.6667,58.17680555555554
-38.2000,146.1000,99.19438549342398
-38.3938,146.4651,79.47279461279462
-38.3930,146.5132,79.22033333333333
-38.4307,146.5398,117.34778554778553
-38.4000,146.6000,117.24778930764225
-38.1951,146.5293,51.939898989898985
-37.9667,147.4667,50.642105263157895
-38.4000,146.6500,117.98395158481364
-37.9000,147.0000,47.94329669241433
-38.3500,146.2000,82.04808065017791
-38.4322,146.3806,94.97445286195287
-37.8667,147.0167,50.232775220560036
-38.3833,146.6000,108.175182379349
-38.3667,146.7000,95.68018221992656
-38.3000,146.1000,97.32662217412218
-38.0373,147.1780,49.376178431783295
-37.7000,146.5167,87.0693079866993
-38.0100,146.8805,49.65639562289562
-38.1383,145.8600,83.12502036493966
-38.1000,145.8000,82.83750952144395
-38.1833,147.2000,48.08243739382981
-37.9747,146.3745,90.68937672176308
-37.9000,147.3000,55.90145995670996
-38.7199,146.0633,85.10945775873614
-38.6520,146.1997,91.16822372662797
-38.4143,146.2961,88.27720026350461
-37.9500,146.1333,95.58264119601331
-38.4227,147.0864,46.675940497411105
-37.9069,146.8014,52.351117496807156
-37.8833,146.7500,55.98415637860083
-38.3000,146.7000,69.8862621671258
-38.6333,146.4500,91.88107586064727
-38.0000,146.9000,50.15988287126586
-38.0000,146.1500,82.15091852591854
-38.6911,146.1488,86.47520308123254
-38.6114,145.7053,77.3742186475141
-38.0224,145.9000,95.26571979962229
-38.0117,145.9117,97.617051874679
-38.4000,146.4000,77.73962703962704
-38.4349,145.8174,97.59511232323229
-38.0618,145.8039,76.5217186147186
-38.2000,145.8667,85.11410714285716
-38.4667,145.9667,80.07129354772209
-38.4842,145.9329,78.41792175486202
-37.8010,147.4578,55.94720279020697
-37.8100,146.0217,112.91123737373736
-38.5000,146.7000,71.94140914741094
-38.5108,146.5171,102.22074371693121
-38.0000,147.0000,49.70833090130842
-37.9664,146.9831,49.658145891908774
-38.4833,146.1167,85.19413194444444
-38.2333,146.4167,72.79444444444444
-37.5277,146.5458,64.91475206611571
-38.2004,146.2604,79.52823356515982
-37.9000,147.5000,54.74121061359867
-38.2347,146.4306,64.97784643426752
-38.6078,146.3185,94.7437580348944
-38.3000,146.2500,81.0005475729944
-38.2933,146.2275,85.86386083052751
-37.9500,146.0000,97.30177417027416
-38.0217,145.9517,84.02443201243197
-37.9500,147.7000,55.67686567164178
-37.9000,147.7333,51.640670194003526
-38.6667,146.6833,58.447658605762044
-38.1522,146.7875,53.60873578302714
-38.1156,147.1323,49.319071815718154
-38.3183,147.1752,49.296290009203375
-37.8000,147.2000,62.74757575757575
-38.2667,146.9167,55.53298913043477
-38.3000,147.0000,51.723704906204894
-38.0000,147.1000,52.605225304998044
-37.8000,146.2000,143.55972222222223
-38.1000,147.2000,49.10945578231292
-38.3000,146.2000,89.04843073593072
-39.0310,146.3227,87.38659812409814
-37.9000,146.8000,51.39148550724637
-38.6643,146.3258,77.3575974025974
-38.2183,146.1656,81.05392324888223
-38.2000,146.5000,63.005488215488214
-38.5000,146.2000,115.07666666666665
-37.8167,147.0000,57.109179292929305
-37.9000,146.1000,115.90281255391649
-37.8167,146.9833,52.331426809624475
-37.9413,146.4524,98.89035892008314
-38.2000,145.9000,87.67067714042138
-38.1731,145.9487,84.81701171875
-38.6624,146.4297,72.56639944307298
-38.0667,146.1833,81.09978632478634
-39.1297,146.4246,88.06078478529462
-38.5000,146.9000,56.59307533670035
-38.2000,146.4000,74.72882716049384
-38.6297,145.8107,70.9450056116723
-38.3167,146.3333,69.04274284195333
-38.4667,146.5500,105.69131944444443
-38.1167,147.4167,49.83728191000918
-38.1858,146.3317,73.73106060606061
-37.6167,147.1833,81.75583333333333
-38.2883,146.4900,66.99664918414916
-38.4861,146.3233,114.8195873015873
-38.6000,146.5833,60.91252066115703
-38.3667,146.6500,80.66590909090908
-38.6000,146.4000,89.77005208333334
-38.3500,146.2833,74.76276785714285
-37.8000,147.1000,53.13147562582345
-39.0000,146.3000,76.17882575757577
-38.2000,146.0000,79.03722768222767
-38.2500,146.0000,99.70145537002679
-38.6500,146.2167,96.9859375
-37.8000,147.3500,58.78560606060607
-38.8000,146.2000,75.56733333333334
-37.9500,147.6000,53.815104166666664
-38.5000,146.3500,117.61465608465606
-38.6000,146.5000,66.80513468013467
-38.4000,145.9000,95.91142857142856
-38.5000,146.0000,77.77906504065042
-38.1500,147.1000,48.15821428571428
-38.0000,147.4000,50.89901960784313
-38.1000,146.9000,41.997638888888886
-37.9500,145.9667,99.50612745098042
-37.9167,145.9667,94.84411764705882
-37.8000,146.0000,94.85588842975207
-37.9000,146.9000,48.90469303423848
-37.9000,146.0000,109.39412144702844
-38.1500,146.7833,57.99586956521739
-38.1000,147.0500,50.83520676691732
-38.1000,147.0667,50.52803198653198
-38.1000,147.4000,43.60748509531404
-37.9500,146.7000,55.06309523809524
-38.7197,145.9033,74.4676027926322
-38.1000,146.6000,58.58547230547232
-38.2000,146.5500,60.99133141762453
-37.9500,146.2833,109.6622023809524
-38.8500,146.0000,83.38715277777777
-38.1500,145.9333,86.25674603174605
-38.1167,147.0333,48.235333333333344
-38.3000,146.3500,96.66851851851851
-38.4167,145.8333,93.94429824561402
-37.6500,146.1500,116.99444444444445
-38.5239,146.8806,57.557591876208896
-37.9517,147.6617,54.47243300350444
-38.2933,146.3883,57.76162551440328
-38.5647,146.7479,52.114814814814814
-38.4856,146.6717,64.03638072453863
-38.0000,146.6333,66.453125
-38.6000,146.0833,92.90291666666667
-38.8667,146.0000,43.51666666666667
-38.4191,146.9656,53.821232431951636
-37.8333,146.4167,68.59125
-38.3822,146.2742,78.8352803030303
-38.7910,146.1803,73.1105038065383
-38.2150,146.0869,79.98203703703703
-37.9163,147.3196,54.2194679351656
-37.9581,147.0845,51.28059240362812
-38.0051,147.3958,52.88662261714893
-37.8346,147.0813,55.23582137161085
-38.2211,146.5233,59.79583333333334
-37.8000,147.0833,75.09486111111111
-38.8833,145.9500,82.77222222222223
-37.8283,146.1800,152.8179521016618
-37.7500,147.2667,66.34083333333334
-38.5274,145.9238,75.6177216138981
-38.1036,145.9573,80.9879952925035
-38.3591,146.0646,89.71566341066337
-38.6167,146.1500,97.15357142857144
-38.3667,145.9000,100.17070707070707
-38.6568,146.0063,73.50761013496309
-38.7833,145.9000,77.8396590909091
-38.5333,146.1000,82.30000000000001
-37.9112,147.7130,55.849484044995414
-38.4167,146.8167,67.38928571428572
-38.0167,147.2833,41.726666666666674
-38.2000,146.0667,68.08545454545455
-38.5601,146.6703,59.93153443001442
-38.1811,145.8892,84.86432291666665
-38.0654,146.1689,74.6669778138528
-38.3167,145.9000,92.11562499999998
-38.7333,146.1000,105.12693333333333
-38.0992,146.3792,87.51708333333332
-38.4323,145.7919,89.40702068764568
-38.5833,146.0167,86.425
-38.0220,145.9396,76.372885924462
RWC,-37.6303,60.480219996575904
-37.7167,146.2667,89.39119528619528
-38.1167,145.7833,78.00576923076923
-37.7000,146.2167,139.81712962962965
-38.0744,145.7655,73.04058625470388
-38.1167,145.7667,75.09493586660254
-38.5000,146.3333,112.55833333333334
-37.7667,146.7000,64.54493589743589
-38.1833,146.6167,64.6829365079365
-38.0333,147.0167,39.239583333333336
-38.4333,146.1500,96.47833333333334
-37.9333,145.9667,77.37443181818182
-38.3667,146.7667,86.48773448773446
-38.5833,146.2000,100.60658143939395
-38.5667,146.2167,102.938297979798
-38.5667,146.1833,79.45
-38.5500,146.2000,79.32579365079364
-38.5833,146.1833,86.47500000000001
-38.5500,146.1833,37.25
-38.5333,146.2167,80.7775
-38.5215,146.2041,91.32345117845117
-38.5167,146.2333,68.69404761904762
-38.5333,146.2500,79.14280303030303
-38.5500,146.2500,85.04285714285713
-38.5269,146.2581,86.93416666666666
-38.3181,146.5645,72.10401942501942
-37.8833,146.0000,100.97261904761906
-37.9532,146.3896,94.26196654040402
-38.0000,146.4000,90.41602564102564
-38.2456,145.9347,90.9736643437863
-38.5000,146.1833,85.78617424242424
-38.2375,146.4144,60.02037405303029
-37.6000,146.2333,113.34634920634922
-38.8167,146.2000,67.54709191919191
-38.6167,146.7167,63.32988888888891
-38.6167,146.2833,100.31666666666669
-38.1667,145.9167,63.28316498316498
-37.9973,146.3474,83.84139376218323
-37.9500,146.3167,101.43333333333334
-37.8115,146.9567,54.606334622823994
-37.3573,146.9851,54.062225589225584
-37.5125,146.5478,65.45502340477951
-38.8389,145.9715,80.35190340909091
-37.8833,145.8833,127.29242424242423
-37.9833,146.1333,90.44823232323232
-37.8833,146.0167,102.4375
-37.7647,147.3744,54.51477373737374
-38.0500,146.8833,39.41666666666666
-37.9833,147.7333,54.83492424242423
-38.5833,145.9497,88.39074675324675
-38.4833,146.9333,56.85000000000001
-37.8039,146.8842,54.472906060606064
-37.9039,145.9719,91.96842286501378
-37.7196,146.3888,81.19109208972847
-37.8818,147.5669,53.92005270092227
-38.2094,146.4746,60.798349347129836
-38.3245,146.5301,63.6976585858586
-38.3712,146.1791,84.27303318903316
-38.0809,146.2139,57.584934428316785
-38.1514,145.8372,80.68348484848485
-37.7667,146.6667,53.47929292929292
-37.5167,146.5500,51.66729437229437
-37.4667,146.6883,77.48213498622589
-37.8514,146.5550,78.44940635345047
-38.3089,146.4097,68.71916666666667
-37.8384,146.2747,131.70161873840445
-37.8897,145.9958,91.82054112554111
-38.8957,145.9355,74.6686769207224
-38.7714,146.0500,93.69533333333334
-38.5586,146.0648,79.83496637291282
-37.7481,147.1428,72.09904598985246
-37.9722,146.9860,44.87406397306399
-38.1072,147.1317,41.7275
-38.3232,146.5318,74.1493383838384
-38.6796,146.1483,83.80382231404957
-38.8051,146.1936,65.2831228956229
-37.2864,146.7188,87.51560760667903
-37.5325,147.0053,100.0234299516908
-37.4967,146.8575,91.2395202020202
-37.8758,146.0833,104.58462401795735
-37.6280,146.6224,60.28208101422388
-38.3545,146.4379,65.69003367003367
-38.3053,146.2139,70.08222853535354
-38.2186,146.2487,81.26650252525252
-38.2741,146.0914,91.54940025252526
-38.1321,145.9865,77.12231404958679
-38.1016,147.1398,51.21597222222222
-38.4099,145.9462,81.12766666666666
-38.2500,145.7667,83.2642899584076
-38.4000,145.1333,67.37053030303029
-37.8000,145.0500,62.185620987578375
-37.8047,145.0961,60.46604938271604
-38.0000,145.3500,86.52234781183736
-37.9000,145.6000,119.99808552188551
-37.9279,145.0749,62.98651368760064
-37.9667,145.0167,57.82202380952382
-37.5667,145.6500,129.80213585434177
-37.5909,145.6236,135.60600810829382
-37.8500,145.3000,93.22899490683574
-37.8333,145.1500,65.36092503987241
-37.8364,145.1364,66.07694410774411
-37.8000,145.0000,56.33018863696459
-37.8667,145.1500,60.25513157894736
-37.8500,145.2000,67.17138679104711
-38.4931,144.8858,62.51498015873018
-37.8795,145.0368,59.83397306397308
-37.9000,145.0333,59.641875000000006
-37.9550,145.0783,59.114565929565934
-37.6500,145.3000,62.63137598512599
-37.9333,145.4000,97.0625457875458
-38.1000,145.3000,65.50223333723333
-37.7500,144.9667,57.69114229024943
-38.4833,145.2667,63.401705888673966
-37.8000,145.3000,77.9407165590764
-37.7903,145.2812,74.23550855085507
-38.0000,145.2000,69.08382352941177
-38.0000,145.4167,90.6824
-37.7833,145.1500,65.8801026936027
-38.4000,145.0000,65.64195416348356
-37.9252,145.0254,55.587917579152865
-37.8833,145.0000,49.62427536231885
-37.7004,145.1550,60.59938521864609
-37.6312,144.9846,53.20202429702429
-37.7333,144.9000,50.808678955453175
-37.7276,144.9066,48.54795833333334
-37.7915,144.9067,48.602115308933485
-38.5000,145.0000,70.30977308094955
-38.3667,145.1833,66.62896943573668
-38.1500,145.1000,62.150609668109645
-38.0686,145.6828,73.87951754385965
-37.9500,145.5667,101.8397619047619
-37.7167,144.9333,56.20847996089932
-37.9000,145.2000,71.68275757575758
-38.3167,145.2000,70.63611909915481
-37.6833,145.5333,83.95527392569767
-37.6500,145.5000,77.64535039174233
-37.6000,145.5000,102.95761707988981
-37.7500,145.0000,57.077267156862725
-37.9500,145.0333,70.07666666666667
-38.0500,145.4000,66.69493333960725
-37.9000,145.3833,110.73661178107606
-37.5167,144.9500,51.37331267217632
-37.6830,145.2518,65.52484343434345
-37.8167,145.0333,61.17071678321676
-37.5333,145.3333,98.75929971988799
-38.2000,145.5000,65.10490614764424
-38.2627,145.5639,70.67691869186916
-38.1667,145.1667,76.55833333333334
-37.7500,145.6000,98.72658730158729
-37.7561,145.3592,73.70487432464175
-38.3667,145.7333,87.89450686641696
-37.7408,145.0972,58.14663947163948
-37.8333,145.0833,63.166097689075634
-37.6390,145.5497,95.5224707706991
-37.8075,144.9700,53.762336093857826
-37.8808,145.4231,98.17552447552447
-37.5547,144.8788,51.96160072951742
-37.8219,145.1906,70.33373340143004
-37.9000,145.4000,99.74261111111112
-37.8021,145.3679,84.87996836788942
-37.9800,145.0962,58.60082065832064
-38.0000,145.1000,54.79529830172726
-38.2358,145.0667,60.66840633517716
-37.9833,145.5167,96.57918604651164
-37.8167,145.3333,102.97461484593839
-38.2000,145.1000,57.97727272727273
-37.9000,145.1000,62.00829238329238
-38.0000,145.5000,79.32670406445408
-37.9886,145.3319,76.03853436517821
-38.0333,145.3000,66.8485185185185
-38.4831,145.2100,66.94908881441138
-37.9142,145.0935,61.045991393071034
-37.7089,145.7855,111.9839074228525
-37.7333,144.9333,53.73868883641611
-38.3425,145.7653,92.87155609984556
-38.2167,144.7000,60.08689393939394
-37.8615,145.7443,120.51940732627477
-37.8376,145.0048,53.885541480377555
-37.7214,145.0059,55.01009398331139
-38.3167,144.6667,56.12332578532576
-38.3686,145.0303,83.8481103487707
-38.3833,145.0000,93.19814814814815
-37.8000,145.2500,73.43875
-38.5333,145.3833,64.91317033306827
-37.8000,145.3500,114.74379268879267
-37.8710,145.2561,71.41043161881979
-38.4279,145.0413,74.38327433628315
-37.8325,145.4370,99.34280596664316
-37.8000,145.4000,92.16540196078435
-37.6500,144.9000,53.829615384615394
-38.3000,144.7000,56.63584154076519
-37.6667,145.0833,57.78920875420875
-37.9445,145.1764,68.37394136166861
-37.7167,145.8167,130.8655808080808
-38.2333,145.1833,64.46955128205131
-37.9000,145.4167,105.28504645760745
-38.1667,145.4000,71.6947619047619
-37.4770,145.1513,65.60118003341688
-37.9000,145.3000,86.42475787284611
-38.4836,145.1766,64.86080948372613
-37.4167,145.0167,55.83315592635211
-37.7517,145.6757,110.80921231546225
-37.7000,145.0833,61.675450450450455
-38.2833,145.1333,66.246875
-37.5050,145.1247,57.80765300059421
-37.7000,145.3000,64.3882154882155
-38.6078,145.5965,77.89603048024104
-37.5500,145.0333,61.6788651824366
-37.8000,145.5167,77.90292368125701
-38.2333,145.7000,72.54594086469086
-37.5552,145.1259,54.96099206349211
-37.6647,145.3761,63.7753146853147
-37.6000,145.1500,63.226071428571444
-38.1500,145.7000,74.52368421052631
-38.0333,145.6667,92.57589466089465
-38.0667,145.6667,84.73720238095241
-37.8000,145.2000,68.60279375386519
-37.7000,145.1000,57.224679487179486
-37.8833,145.3500,114.96505376344085
-37.9500,145.6167,126.40349326599328
-37.5720,145.5014,110.96755561568062
-37.9289,145.4272,81.09375
-38.2333,145.5500,66.6128205128205
-37.9771,145.0273,57.11749069643807
-38.0333,145.1000,58.56273674242424
-37.8000,145.4500,83.98912918531562
-37.4000,145.0000,68.94638861764804
-37.6000,145.2000,62.252096013844124
-38.5000,145.4500,77.17441435458481
-37.8833,145.6167,112.9534090909091
-37.8333,145.1000,58.38842592592592
-38.0000,145.3000,63.50659638831378
-37.8000,145.1000,66.5203192559075
-37.9500,145.0000,54.14683333333333
-37.9333,145.0000,51.2489898989899
-37.9167,145.0000,55.05740740740741
-37.6000,144.8000,48.801071428571426
-38.1000,145.7000,66.57569444444444
-38.6000,145.5000,79.36230248917748
-37.8500,145.2667,65.32890390390394
-38.1500,145.1333,62.5172179089027
-37.9000,145.7000,114.38503006253003
-38.5000,145.6000,94.30022727272726
-38.4000,145.5000,67.82022662584096
-37.6500,144.8500,49.29561482168625
-37.7000,145.5000,106.88440170940171
-38.2500,145.7000,74.44801406926406
-37.7500,145.3500,66.88302287581699
-38.0500,145.2500,56.44628835978837
-37.9167,145.2833,69.1613888888889
-38.3500,144.9000,80.81644707949054
-38.0000,145.0833,58.490013227513224
-38.5000,145.4000,67.38373015873016
-38.4949,145.7809,82.49534683570398
-38.0500,145.3667,77.01382575757576
-37.6000,145.3000,66.74704545454546
-38.4000,145.2000,65.2078911061838
-37.9000,145.3500,104.75231481481484
-37.5333,145.4500,116.26666666666668
-38.1000,145.6000,72.12622549019609
-37.7000,145.9000,90.9909649122807
-37.7500,145.7000,102.53874176548088
-37.7000,145.2000,67.24270833333334
-37.5000,145.1167,56.6690527726242
-37.8000,145.6000,97.95931372549019
-38.0833,145.3667,68.27324561403508
-38.0651,145.1294,58.40309601113175
-38.4000,145.6000,84.04960317460318
-38.2000,145.7000,79.35563909774437
-38.3782,144.8984,64.84944756444753
-37.6833,145.1333,61.46745580808081
-38.1833,145.1167,72.66378205128206
-37.7167,145.3667,80.2
-37.6886,145.5644,91.28322665429806
-37.8833,145.1500,64.50555555555556
-38.3392,145.0288,71.74128787878787
-37.9764,145.2247,65.64218476430976
-38.1167,145.0667,62.31515151515151
-38.2667,145.0167,60.16898148148149
-37.7833,145.4333,78.32321428571429
-37.7365,145.5287,76.72186026936028
-37.8372,145.2558,75.34524979524979
-37.8309,144.9839,53.64079365079364
-37.6233,145.7983,131.63125
-37.8054,145.2987,74.50100925925925
-38.1333,145.1500,69.64837962962963
-38.4832,145.4666,66.8253649215368
-38.4000,145.3000,69.48509149716341
-37.7667,145.1500,40.35
-37.9167,145.4167,90.45080003330003
-37.8306,145.3500,97.96287103842658
-38.1337,145.2384,62.417512626262614
-38.1167,145.1797,60.94075548107806
-38.2483,145.1036,64.9077986385595
-37.9489,145.5358,95.26362591431557
-37.8667,145.6667,86.10555555555555
-38.5333,145.6333,77.22770833333334
-37.6600,145.1244,59.51594763423709
-37.9144,145.3317,84.45515997412551
-37.8800,145.4206,112.87325680272109
-38.2167,145.3167,67.2378205128205
-38.0783,145.1733,58.04272774327122
-38.5500,145.4833,78.55344444444445
-37.8833,145.3333,104.86973684210527
-37.9167,145.3500,88.78977272727272
-37.7333,145.2333,56.78333333333333
-37.7567,145.0533,63.10362318840581
-37.9822,145.4196,83.99047100468975
-37.4167,144.9667,67.80833333333332
-38.4059,144.9520,78.06643578643579
-38.2894,145.1893,64.84408781694495
-37.8748,145.3497,110.76373737373737
-38.2333,145.7833,83.61274509803923
-38.0667,145.4667,68.532410236822
-38.2767,145.0117,66.18683127572017
-37.8667,145.3500,104.09444444444445
-37.6715,145.8948,87.68709235209234
-37.5000,145.0000,42.796212121212115
-37.7833,145.6000,89.79305555555555
-37.7000,145.3833,65.37
-37.8000,145.5000,114.71944444444443
-37.8667,145.0833,64.78111111111112
-37.7500,145.7333,115.57000000000001
-38.0833,145.4833,63.6125
-37.7797,145.0314,58.59376543209876
-38.3343,145.6696,84.91453535353536
-37.6654,144.8322,44.880404040404045
-38.0000,145.5333,85.29901960784315
-37.9333,145.2500,70.54375757575755
-37.8000,145.6667,100.70713383838383
-37.6833,144.9333,57.45987179487179
-37.6500,145.2167,66.43787878787879
-37.5833,145.3000,72.88121212121212
-37.7333,146.0500,114.59744897959185
-37.6667,146.0667,120.70083333333332
-37.7000,146.1333,120.54669612794612
-38.0500,145.1833,64.90438311688311
-38.1333,145.6833,55.02321428571429
-37.8722,145.1160,62.07699214365881
-37.7833,145.3167,78.0657029478458
-38.0222,145.3561,75.52466842336408
-37.8167,145.1333,62.131666666666675
-37.5333,145.3000,74.249
-37.8667,145.2167,91.82142857142858
-37.8871,145.1936,69.23532342657344
-37.8363,145.0301,54.60851696914199
-37.6369,144.9073,48.82505941770649
-38.3833,145.2167,59.34694444444445
-37.7469,145.2098,65.06050423061787
-38.1992,145.4933,64.4121570179406
-37.8585,145.1846,67.51608433541767
-37.9500,145.0167,56.89895833333334
-38.4167,145.5333,77.4225
-37.6167,145.1500,53.99373737373737
-37.9833,145.2500,69.35637626262626
-37.8797,145.2964,75.70626751384815
-37.6833,145.3667,68.43309090909091
-37.7000,145.4000,71.91569264069264
-37.6667,145.9167,85.99779461279462
-38.4333,145.7167,100.60734848484849
-37.6167,144.8833,49.01976381461675
-37.7333,144.9167,61.13333333333333
-37.6753,145.8061,104.20347222222222
-38.3833,144.8333,53.71918630751964
-37.8255,144.9816,48.57032828282828
-38.4272,145.4364,61.62329377104378
-37.8167,145.1500,69.66111111111111
-37.7833,145.1167,36.27233333333333
-37.7633,145.8917,137.51666666666665
-37.7000,145.0667,70.36041666666667
-38.3065,144.8016,30.986915113871632
-38.5167,145.7167,80.44791666666666
-37.8833,145.5333,84.05227272727272
-37.7417,145.2167,46.01717171717173
-37.9167,145.1833,112.70000000000002
-38.4833,144.9000,59.70549242424243
-37.4187,144.9770,55.78994400527007
-37.7163,145.0453,53.90488724453839
-38.5058,145.1503,60.80349469599469
-37.6667,145.1333,53.473333333333336
-38.4693,145.0133,68.63437499999999
-38.2765,145.0998,69.43372895622893
-37.8588,145.6529,104.8344844044844
-37.8632,145.4206,100.5315338570894
-37.7409,145.7388,111.93568686868686
-38.3646,145.1785,57.93111992945327
-37.7508,145.1717,58.99855731686614
-37.6563,145.4762,62.36906856584277
-37.6594,145.4457,67.34572131572132
-37.7792,145.3197,73.5088936988937
-37.6126,145.5997,104.05105874412328
-37.8027,145.4937,78.40500393545847
-38.1800,145.4317,76.01746031746032
-37.9535,145.1655,60.55703022286356
-37.4500,145.3167,62.48571428571428
-37.8775,145.3364,88.43372294372296
-38.4612,145.3101,58.23511264720942
-37.4652,145.2637,89.3410960626675
-38.1348,145.2636,67.96668132942328
-37.4225,145.0752,62.08072390572388
-37.7667,144.9797,57.991964285714275
-37.7920,145.2450,69.51172459893051
-37.7839,145.6317,95.83971088435374
-37.7239,145.4092,62.67639296187684
-37.6750,144.8419,50.01111111111111
-37.6518,145.5069,75.6329126984127
-38.3898,145.0864,68.3769827908717
-38.1517,145.1615,60.98714285714285
-38.4617,144.9019,62.80014457764457
-38.0825,145.5075,65.95395534290269
-37.5831,145.2633,56.68835137085138
-37.8802,144.2623,51.67548933409398
-38.4056,144.1958,54.5792840909091
-37.7000,144.4000,41.91856995884775
-37.8000,144.4000,40.36054445554446
-37.6000,144.4667,52.489172979797985
-37.6000,144.2000,47.45988372093022
-37.6018,144.2295,59.827072388947386
-37.7430,144.1406,53.784888963161
-37.8076,144.4370,38.174346973780935
-38.0213,144.1608,42.63658878702995
-38.2661,144.4803,51.558608534322815
-37.5417,144.0251,73.24397228094907
-38.1731,144.3375,49.254188395583725
-37.3000,144.7000,70.69275155481297
-37.5512,143.9322,70.47543981481482
-37.7025,144.8072,41.93369348244348
-37.7654,144.1048,38.62475865800865
-37.4677,144.3075,81.03911479325274
-37.4500,144.7500,54.519100098015194
-37.3000,144.6000,65.86132323232323
-37.7667,144.7833,42.40806299888576
-37.8233,144.2078,56.03436709171402
-37.8167,144.8833,53.897916666666674
-38.1587,144.3954,44.09603326846449
-38.1269,144.3422,46.11008373205741
-38.1167,144.3667,44.79001650165018
-37.4896,144.6123,61.417239328771544
-37.6942,144.8342,46.03531152647975
-37.7000,144.0000,62.10920815295815
-37.2698,144.7230,59.477250818929676
-38.0000,144.4000,39.93050469483568
-37.8565,144.7565,44.521407957122236
-37.9000,144.7500,45.361809269162215
-37.9910,144.4943,40.058368002054436
-38.0657,144.3281,42.940926046176045
-37.4000,144.6000,78.28417874396133
-37.4155,144.5569,68.32816875100211
-37.4000,144.5833,72.6238073038073
-37.7750,144.8767,46.205477174340814
-37.6649,144.5749,40.030429182776516
-37.7451,144.5687,39.7749763872491
-37.7000,144.5000,35.99375
-37.8344,144.0635,56.593717842487365
-37.8197,144.1492,55.5647962962963
-37.8667,143.9667,51.47164179104478
-37.5151,144.0827,77.75018369536063
-37.6719,143.9400,64.639924093001
-38.2000,144.2000,45.005901116427424
-37.8958,144.4387,39.275122226258596
-37.3833,144.6167,92.13979166666664
-37.7500,144.2000,50.91596899224806
-37.6500,144.3500,49.98898217468807
-37.6000,144.8500,50.60084529505583
-38.1227,144.6420,50.45044692050375
-38.2714,144.6621,50.137445609945594
-37.4500,144.7833,55.57240990990992
-37.7000,144.6000,34.26227503607503
-37.3500,144.7500,62.609311111111126
-37.7500,144.8000,43.13824338624339
-38.0131,143.9760,44.852210031347965
-37.4833,144.1500,79.9945322793149
-37.5719,144.7401,49.31501119314476
-37.7000,144.7667,48.33135707188986
-37.0000,144.0000,44.606033516988056
-38.2000,144.3000,46.233733411397345
-37.9000,144.6833,45.499387254901954
-37.9000,144.6667,42.69284098985592
-37.5144,144.0177,71.9849094761171
-37.6450,144.0411,43.345636363636366
-38.3000,144.0000,53.1042540792541
-37.7500,144.4000,42.801515151515154
-37.6833,144.5000,42.59970238095237
-37.6333,144.8000,49.51888888888888
-37.8000,143.9500,57.811021450459684
-38.2333,144.2000,50.505
-37.4827,144.5094,64.81068227547098
-37.5000,144.1000,72.70391694725028
-37.5000,144.3000,56.26041666666666
-37.5000,144.5000,63.25566666666666
-38.1333,144.4167,28.37708333333333
-38.2000,144.5500,52.65467607105537
-38.1500,144.3000,55.00044444444444
-38.3000,144.5000,52.34581018518517
-37.5500,144.1000,67.27763238445056
-37.8833,144.7167,45.451446280991725
-38.0000,144.6000,38.45314285714285
-38.2000,144.4000,44.05993589743589
-37.8000,144.6000,38.11041666666667
-38.1000,144.2500,43.94816666666667
-37.7000,144.8000,36.67103174603175
-38.0000,144.0000,43.183838383838385
-38.3333,144.3167,50.61344853294854
-37.8833,144.6500,42.45383720930232
-37.6111,144.3000,53.71036451471233
-38.0833,144.4333,42.42908249158249
-37.7000,144.3167,46.824999999999996
-37.6167,144.5500,49.49461462450593
-37.5667,144.5500,65.48166666666667
-37.6167,144.5333,71.82420202020201
-37.6667,144.4333,41.3767741935484
-37.9767,144.6317,44.04417695473253
-37.9500,144.6167,42.0418771043771
-37.8833,144.7333,44.88277777777778
-37.9333,144.7500,44.97662037037037
-37.9500,144.7167,48.96071428571429
-38.0288,144.4783,37.77019416386083
-38.1660,144.5870,53.928306751727824
-37.5756,144.0953,63.16468678380443
-37.9833,144.2333,45.534848484848474
-38.0850,144.3356,46.207355442176876
-37.3508,144.6067,73.79774499379762
-38.3687,144.0843,65.05771085858585
-38.0333,144.0500,50.138383838383845
-37.6831,144.6664,41.9607053957947
-37.9479,144.1567,47.35323035550309
-38.2504,144.0854,49.50058568137517
-38.0000,144.2650,46.405401844532264
-38.2823,144.0518,52.904207702020216
-37.9167,144.7167,69.98
-37.5500,144.3000,56.423979591836726
-37.3495,144.7494,59.97981735342845
-37.8634,144.8262,45.24152167572381
-38.1164,144.3667,44.875656565656556
-37.8000,144.1833,52.93424242424242
-38.2830,144.4784,45.81747685185184
-37.6333,144.7333,48.260144927536246
-37.6667,144.0667,76.49472860472862
-37.5667,143.9500,48.40999999999999
-38.2500,144.5167,49.367658730158716
-37.4167,144.3500,65.29499999999999
-37.4625,144.6731,52.64899134199134
-38.3167,144.1667,53.86675324675325
-37.4000,144.6167,90.81665223665225
-37.4000,144.6333,78.14438672438672
-37.8500,144.9000,53.054642857142866
-37.7333,144.7167,42.57533333333333
-38.0428,144.2129,45.394575471698126
-37.7928,144.8344,49.44455868205868
-37.2500,144.7500,70.03540507111936
-37.9043,144.6427,44.90021885521886
-37.4667,143.9833,77.6263888888889
-38.1667,144.2667,43.860185185185195
-38.2167,144.5167,48.56144444444444
-37.5833,144.4500,48.23380952380952
-37.4667,144.3167,72.61851851851851
-38.3404,144.3102,44.570037878787886
-37.6292,144.5026,42.1147504456328
-38.1435,144.1872,34.801161616161615
-38.2241,144.3345,41.47252747252747
-37.8483,144.3875,46.208333333333336
-37.9075,144.1303,41.625383093608896
-37.6372,144.4296,46.05990651860217
-37.6539,143.8856,62.89000000000001
-37.5223,144.4779,61.27354166666667
-38.1786,144.6714,52.025918972332015
-37.2940,144.7066,55.36287540584415
-37.5028,144.5877,56.58560606060606
-37.2732,144.5974,58.9529090909091
-37.7569,144.7511,40.11739789196311
-38.2504,144.5104,47.00434952978056
-38.1594,144.5556,45.764054232804234
-37.4772,144.5668,61.99558823529413
-37.4729,144.4706,83.49722222222222
-38.1737,144.3765,42.45389095031952
-37.9273,144.7566,39.89861111111111
-37.5945,144.1875,59.70277777777776
-37.2514,145.7178,63.47312592592595
-37.1916,145.7116,58.4832039141414
-36.8930,145.2316,49.590662424242396
-37.1000,144.5000,44.214305555555555
-36.9667,144.2667,51.36319069069069
-37.1000,144.3500,57.8444234006734
-36.9000,143.8000,36.10076190476192
-37.0270,145.8516,59.0935818001443
-37.2430,145.0522,51.51015273214068
-36.9886,143.9747,40.44354019518494
-37.2531,144.8614,56.76492003367003
-37.2236,143.9616,49.54920197289051
-37.4000,144.4500,79.90277777777777
-37.0446,143.8224,40.68160406586878
-37.1000,144.2000,46.87259066070541
-37.3049,143.7776,48.11433725005153
-37.4000,143.9000,53.66489885778031
-37.2814,144.3958,64.12129220779222
-37.4200,143.8924,61.92488241792928
-37.3431,144.1574,73.41118650337008
-37.1995,144.0141,47.42751147842058
-36.8883,143.8614,39.233824445756255
-37.2313,145.9124,71.27191971474579
-37.0500,144.3000,50.7407522903453
-37.0917,145.4708,73.34228762277151
-37.1000,144.2500,49.97560606060607
-37.1000,145.0000,49.72044715447154
-37.3811,145.4719,69.01718826192963
-36.9589,144.7010,47.61104670869773
-37.4000,145.0333,62.650903805496824
-37.0673,145.4077,70.89508526826702
-37.0855,143.9977,42.00931215828005
-37.2169,145.0448,52.4396638196638
-37.3011,144.9475,60.63238477209064
-37.3500,144.0000,62.56928306878306
-37.2500,144.4500,62.660567010309286
-37.2535,144.3825,64.23915823354135
-37.2744,143.5156,48.89287402715681
-37.2000,143.5000,39.65138888888889
-37.4000,144.2500,90.94273438466297
-36.9989,144.0703,49.28843984962407
-37.1953,144.3742,60.457449848626304
-37.0560,143.7320,43.709223184223205
-37.5100,145.7472,110.55840395480227
-37.1667,145.5500,56.591755793226376
-37.3197,145.4969,68.68168584579976
-37.1051,144.0638,44.825731928661625
-37.0000,145.0000,48.71064926372155
-37.1095,144.8392,55.45379936267438
-37.0194,144.5203,47.17034210140144
-37.0905,143.8639,40.16113171717173
-37.0277,145.1491,49.3706888590337
-37.2734,144.1099,60.71162034478525
-37.4000,145.7000,84.41069862761353
-37.1698,143.6877,44.93760132256195
-37.0000,145.5500,62.41640625
-37.1000,145.2000,55.82618457300275
-37.3718,144.3137,85.7979057492215
-37.4475,145.2143,98.60337488358768
-37.3578,144.5390,67.05949555074558
-37.3500,144.5167,68.84592490842489
-37.3000,144.5000,66.30845959595959
-37.1225,144.8561,49.114318181818184
-37.2000,144.1000,52.06480769230769
-37.2087,144.1046,52.29566844919788
-37.2164,145.4301,52.84301515151515
-37.3389,145.8547,135.7833333333333
-37.5144,145.4108,95.19922642574815
-37.3000,145.2500,67.00260416666667
-37.4181,144.2133,65.19709806397306
-37.3667,144.1833,84.80348484848484
-37.1277,144.6924,57.49485068072024
-37.0500,145.6667,55.73619047619047
-37.1000,144.2167,49.71399868247694
-37.2500,144.5667,68.1984126984127
-37.1833,145.1667,90.47713203463205
-37.0000,145.1000,48.52770833333334
-37.1167,144.6000,63.097222222222214
-37.1833,145.0667,51.32608695652175
-37.3000,145.0000,62.79401960784315
-37.0667,144.2333,48.48329365079364
-37.3500,144.1500,70.27343244474822
-37.3000,144.1500,66.01180871212122
-37.3000,144.2500,72.32399303594956
-36.8667,144.9000,44.34580705009276
-37.0500,145.7000,58.05815656565657
-37.1500,145.3000,54.79562500000001
-37.1500,144.5000,57.93704081632654
-37.2000,145.9000,68.81567234848485
-37.1000,144.4000,52.46758969000347
-37.0000,144.6000,50.703508771929826
-37.0833,144.5833,42.63525641025642
-37.2000,145.6000,54.10273333333333
-37.3000,143.6000,50.55866402116402
-37.4000,144.0000,60.722849462365595
-37.2000,145.1000,61.7889979338843
-37.4958,145.7475,90.51348025711663
-37.2000,143.7000,45.49058726361357
-37.0167,144.0667,60.07910628019323
-37.2940,144.9605,48.07747429653679
-37.1566,144.2079,51.469422637892784
-36.8886,145.1859,47.18069481580511
-37.0809,144.2391,50.16743109056669
-37.2000,144.4000,65.04166666666667
-36.9833,145.7167,63.66451160273835
-37.3387,143.9861,56.22706529581531
-37.2450,144.0250,55.31994455316372
-37.4000,144.4000,84.415
-37.4167,143.9667,77.33888888888889
-37.2034,144.7143,68.36349403122131
-36.9996,144.2616,56.29093382807669
-37.3167,145.7167,66.31787205387205
-37.0219,145.6547,58.75125088090204
-37.1425,144.9264,50.51524840239126
-37.3333,145.2833,77.35111111111112
-37.2500,144.4378,63.08817550505051
-36.8253,145.0865,48.151554834054835
-37.3827,145.4731,50.900370370370375
-37.0213,145.1091,45.091005892255886
-37.2500,145.8000,70.58111111111111
-37.2667,144.6333,71.43958333333333
-37.1333,145.5833,61.34360269360269
-37.4178,145.7081,86.02350771869641
-37.4998,145.6793,97.52984848484846
-36.9353,144.0115,43.15648800934515
-37.4167,144.2833,107.88467261904762
-37.5833,145.7000,99.10624999999999
-37.4266,144.2724,90.05799999999998
-37.4333,144.5333,77.61875
-37.1644,143.5532,39.329183135704874
-37.2348,144.9962,52.898462889767245
-37.4000,144.2167,113.92500000000001
-37.2000,145.3333,65.98547619047619
-37.2000,145.0833,57.464666666666666
-37.5333,145.4667,115.0
-37.2833,143.6833,46.99749242424242
-37.1500,143.6833,51.95333333333333
-37.4167,144.2167,109.21777777777777
-37.0667,145.7500,51.17777777777778
-37.1183,145.6967,60.045833333333306
-37.1333,145.6833,52.23714285714285
-37.0748,145.7220,60.90759623259621
-37.3908,145.4768,57.273958333333326
-37.1167,145.8167,75.43597222222223
-37.2714,145.2831,56.02606837606837
-36.9861,145.0381,57.19055555555555
-37.1251,143.7862,42.71073737373736
-36.9858,144.0757,50.33426308539945
-37.3807,144.9654,56.799543825350284
-37.2581,145.6201,76.19258559622197
-37.2091,145.8423,56.080153256704975
-37.1793,144.2435,107.475
-37.0177,144.8546,49.53888888888889
-36.9381,145.0539,49.52936507936507
-37.1140,144.6642,69.02926587301587
-37.2833,142.9500,51.281605504587155
-37.5489,143.8192,62.46243083003955
-37.5127,143.7911,57.03767633600963
-37.2472,141.8415,50.78887563579054
-38.0683,143.8667,44.51939444444443
-37.4483,143.3658,56.775882690541756
-37.9637,143.4673,44.884847628830684
-37.4739,143.6558,52.57648202137999
-37.7833,143.6167,48.613664141414134
-37.5267,142.0414,52.38548833660343
-38.0296,143.6330,44.19297447691197
-37.6550,142.3447,57.54971156881314
-37.7333,142.2000,59.1623611111111
-37.7000,142.5000,55.89537953795379
-37.6500,142.0000,57.40191361668635
-37.7667,143.0167,44.77446524064171
-37.7110,142.8395,44.66336372575311
-37.6833,143.5667,60.97708062770564
-37.9543,143.3437,51.67184581665714
-37.4043,142.3843,55.57485540892796
-37.4000,142.1000,55.76445492662473
-37.8333,143.8333,59.36032196969697
-37.6472,142.2308,52.923831569664905
-37.8333,143.0833,46.90359195402298
-37.9000,143.7000,47.00939787485243
-37.6901,143.3704,50.53416173453282
-37.7000,143.4000,52.48813405797101
-37.6833,143.3833,62.53266666666668
-37.6500,143.6833,61.86353499786599
-37.6833,143.0667,47.48457225314369
-37.4737,143.4684,55.56052083333331
-37.5000,142.3000,50.30575657894737
-37.6579,142.9977,44.54135780885783
-37.6901,142.7253,46.1773929362114
-37.5483,142.7393,44.49190358873285
-37.6164,143.1633,45.28881955922865
-37.3333,142.1500,59.314012345679004
-37.4769,142.5345,50.960911796536806
-37.3667,143.1833,48.22027777777778
-37.3667,143.1667,51.1360579004329
-37.3833,142.7833,48.52083333333332
-38.1167,144.0500,43.71159307359307
-37.4167,141.8167,60.89555555555555
-37.3909,141.9194,51.3030242905243
-37.2500,141.6500,52.856018518518525
-37.4055,143.0561,51.63036801841946
-37.6000,143.5000,48.8835576923077
-37.8000,143.8000,57.384217171717175
-37.5170,143.9275,72.25999579124581
-37.5500,143.8833,58.16451416525831
-37.6000,143.2000,44.64680555555555
-37.4491,142.9549,42.917191142191136
-37.8000,143.6000,49.91666666666667
-38.0000,143.0000,47.49460784313726
-37.7000,142.3000,55.41143939393941
-37.2000,142.2000,56.26815476190477
-37.6500,142.5500,47.22322751322752
-37.9500,143.3000,50.53240740740741
-37.3000,143.0000,59.60882352941175
-37.4000,143.7000,57.241900065343444
-37.6000,143.0000,49.706944444444446
-37.4000,142.3833,56.90644841269841
-37.7333,143.4833,52.104734848484846
-37.4000,142.6000,48.4136011904762
-37.7000,143.6000,55.24788888888888
-38.0000,143.7167,44.827777777777776
-37.9022,143.7225,45.87082312925172
-37.8833,143.7000,44.02255952380953
-37.7000,143.6500,56.67969084787267
-37.6667,143.0667,40.94301767676768
-38.2000,144.0000,41.95515873015872
-37.5000,143.7000,50.919688057041
-37.9477,143.2222,54.10350241545895
-37.6361,142.5474,48.40293726741094
-38.0500,143.3333,49.08041666666668
-37.8167,143.7500,57.486111111111114
-37.5933,142.7992,48.377956989247316
-37.8442,143.5072,52.4511919191919
-37.3770,142.8110,45.201050123880336
-37.4500,142.9833,48.93857683982685
-37.5042,143.2792,49.20114743930533
-37.5667,143.0000,46.79047619047619
-37.9333,143.8667,35.69361024033439
-37.2769,142.9786,48.602504960317454
-38.1784,143.7173,46.88277157540316
-37.9828,143.8542,47.385932765151516
-37.8833,143.1667,44.404166666666676
-37.4203,143.5239,52.45128667628667
-37.4333,143.4667,44.725698051948044
-37.8783,143.9023,48.59561177815895
-37.8833,143.8667,50.96470588235294
-37.8333,143.8833,60.15704966329967
-37.6333,142.5500,42.378125
-37.5667,143.8500,53.44581673881674
-37.6333,143.2333,42.72666666666667
-37.3833,142.5667,89.96305555555556
-38.0833,143.7167,42.55752976190475
-37.8500,143.6000,43.214999999999996
-37.7000,143.1833,49.505
-37.9708,143.2189,47.77411158832418
-37.8128,143.9178,45.89543838383839
-37.2822,143.2469,63.436190476190475
-37.4152,143.6718,58.80932147562584
-37.3493,143.2952,64.67544034090909
-37.3358,143.1642,63.68444444444444
-37.3598,143.1961,48.5135579937304
-37.6694,143.5159,54.16569865319864
-37.5174,143.7791,53.00309523809523
-37.7067,142.9378,42.60345029239766
-37.9324,143.7864,36.774595959595956
-38.3833,142.5833,62.60859565807328
-38.7592,143.6740,88.12075998076001
-38.2500,142.0000,62.34030612244897
-38.6000,143.7000,107.00168835793836
-38.4669,143.7482,65.96725785664717
-38.1954,143.6399,50.17510633264731
-38.6219,143.5622,145.3626488846801
-38.7000,143.5833,142.44812500000003
-38.3372,143.7844,55.09947277221864
-37.8611,141.8011,55.199644886363636
-37.8595,141.7708,54.056477375379835
-38.2331,143.1450,64.41229113565561
-37.9969,143.2532,49.74204023935002
-38.3215,141.4060,67.88107936507937
-38.4319,141.5419,65.24211569476275
-38.8557,143.5130,74.72298754415317
-38.0000,142.5167,54.25412878787877
-38.6000,143.4000,81.79958333333335
-37.2667,141.4000,56.932288135593204
-37.4301,141.2688,53.96134064197039
-37.4350,141.3428,52.72245956064139
-38.3291,143.0779,69.72543950959981
-38.2798,143.6613,48.86884586606808
-38.3000,143.6000,54.38065899963488
-37.6044,141.6853,50.45021184851894
-37.5000,141.5500,58.82281449893391
-37.3443,141.6861,53.21724725206207
-37.4000,141.6000,65.53333333333333
-38.0000,141.7000,57.30701388888888
-38.5500,143.1000,86.96376603876605
-38.3000,143.5167,59.99790476190478
-37.9966,143.0473,49.53874725516031
-37.9000,141.3000,65.19935909730214
-37.3563,141.2103,56.62488705077992
-37.3322,141.0809,55.42866344218193
-38.2333,143.7924,44.08472323232323
-37.9695,141.3077,68.67554044720708
-38.4500,144.1000,61.294512195121946
-38.1614,141.7764,64.20501010101009
-38.1500,142.6833,59.4894519334393
-38.5198,143.7150,85.90157717526144
-38.5000,143.5000,83.11379398826978
-38.6197,143.2764,88.94447398513437
-38.4000,142.2000,60.55226205719164
-37.7333,142.0167,56.62336627140973
-38.1058,142.3216,58.03383052749716
-38.1086,142.3217,62.030045553574965
-38.1000,141.6333,69.3353088578089
-38.1355,141.6316,65.6963164431197
-38.7667,143.3833,90.11685806399537
-38.1968,141.3577,77.92814408564409
-38.2928,142.3725,65.56126922030612
-38.7000,143.4000,150.41762820512815
-38.1458,143.3061,51.07082760595645
-38.5500,143.9833,76.90454829190783
-38.0339,141.9998,61.305150380206584
-37.7000,141.5500,59.462721477065756
-37.7171,141.5486,60.20161214103963
-38.0853,142.7900,56.81352997285202
-38.0329,141.0183,63.058921436588115
-38.4698,142.7504,73.02020242103576
-38.4210,143.8348,65.06733550785634
-37.8824,142.4235,55.337675070028006
-37.8750,142.2894,59.843670975489175
-38.6086,142.8756,68.81287307930165
-38.3000,143.3000,58.58495085995086
-37.2500,141.1000,59.23307692307693
-38.6197,142.9944,74.33327017625236
-38.6167,142.9833,72.79833829365077
-38.3792,142.2250,63.64370129870131
-38.3453,141.5905,68.19897720673632
-38.6940,143.1561,73.41774430641819
-37.8000,141.1000,59.94340866290018
-38.7500,143.2000,73.46153162055336
-37.7000,141.2000,56.565532377566825
-37.7158,141.6986,55.565112994350294
-38.6602,143.7033,134.038864013267
-38.2362,142.9166,64.45096077049568
-38.2000,142.9000,60.57777777777777
-38.4881,142.9791,77.76067615406402
-38.2127,143.5531,47.69609889882433
-38.3725,142.4694,58.34560268034679
-38.3836,142.4814,61.35900383141761
-38.6357,143.5127,160.48653273809538
-38.1830,142.4677,59.587388423239496
-38.0831,142.9919,53.23880379586486
-38.6500,143.4500,150.5712987012987
-38.6636,143.4495,162.11828643578644
-37.8096,142.1301,57.36181991103479
-38.4000,143.4000,63.386015956668125
-38.4000,143.4500,59.307063492063506
-37.3000,141.4000,56.97242368159385
-37.8408,140.9717,66.51983285233285
-38.7553,143.5103,90.85086182336184
-37.6000,141.5000,53.37523923444976
-37.5261,141.8172,49.544173664354375
-38.7000,143.7500,105.5951388888889
-37.8031,141.6775,60.24313519813521
-38.6333,143.7333,130.45196011842563
-38.4500,143.9000,92.61927927927925
-38.1500,143.0167,54.329660587639296
-38.3167,143.7833,59.2302059052059
-38.4500,142.9500,80.32791666666667
-37.8250,142.0644,56.81025641025641
-37.9500,142.5167,49.883333333333326
-37.7417,141.0657,56.39247678396872
-37.5500,141.5000,54.25616883116884
-37.4000,141.2500,57.23843843843841
-37.5833,141.4000,54.97160714285714
-37.3167,143.5833,60.31008324164812
-37.5500,141.7167,49.48328703703703
-37.6000,141.7000,61.86663222045575
-38.1000,143.6000,40.73668546365916
-37.9833,143.1333,49.51067493112948
-38.0000,142.7000,53.03868686868687
-38.3000,143.6500,49.878125000000004
-38.3500,143.5000,64.45509259259259
-38.0000,141.4500,75.69194444444445
-38.1000,142.0000,62.27895622895623
-38.2000,141.7000,62.66098845598846
-38.3000,142.7000,69.27878787878788
-38.4000,143.1000,75.23396464646464
-38.4000,143.5000,65.013769640853
-38.3833,142.4833,56.86944444444445
-38.7500,143.2500,84.08807189542483
-38.3500,144.0000,49.010161616161625
-38.7500,143.6667,118.12048128342245
-38.5304,143.5390,83.47463107263106
-37.5909,141.4124,53.75796296296296
-37.9568,142.5187,51.93256965761512
-38.4459,143.6620,71.19921476671475
-38.6500,143.3000,89.40775045537339
-37.3644,141.5842,57.79780766852195
-38.3333,142.5833,60.43833333333334
-38.2000,143.6167,45.23635994087213
-38.2333,143.5167,48.491249999999994
-38.3427,143.5848,59.281004533524204
-38.5333,143.9833,65.95277777777777
-38.3167,142.0667,62.25314814814814
-38.3000,141.6000,81.51630124777184
-37.3000,141.0500,47.40541666666667
-38.2550,143.1256,60.351224376114075
-38.6833,143.7167,110.6070707070707
-38.3500,142.9667,71.24027777777778
-38.0833,141.4667,79.65189393939393
-38.3833,141.6333,68.20833333333334
-37.1824,141.0721,51.85076262626263
-38.5648,143.1822,82.13408293460925
-38.2453,143.9764,48.87308441558441
-38.2430,143.9887,45.07369283270493
-38.5256,143.9722,70.63958333333333
-37.7167,141.9667,57.006818181818176
-38.0926,142.9597,52.85177313677314
-38.3148,141.4705,69.48169988925804
-38.2919,142.4353,76.00046296296296
-37.6486,142.0636,51.40324074074073
-38.3933,143.5961,85.71458333333335
-38.3906,142.2348,56.23839314807057
-38.0737,142.7744,48.64967997951869
-37.2561,141.0944,53.778156565656566
-37.1091,141.0029,49.11971428571429
-38.4478,143.5689,66.44253968253969
-38.4583,144.0883,51.30844481683192
-38.2410,143.1393,62.83329660238753
-37.5830,141.3339,52.71333333333333
-38.6286,143.7306,115.75102020202019
-38.4306,141.5437,57.815925925925924
-38.5497,143.8594,101.45789898989898
-38.2869,142.4524,60.82050130939019
-38.4115,143.9771,67.3514941077441
-38.4831,143.9142,81.02480808080809
-38.4467,143.7283,49.07566719829879
-37.8994,141.8542,55.08333333333332
-38.5834,142.8666,70.78537802265078
-38.3876,142.4592,46.160225304998036
-37.9222,141.2614,62.401193181818186
-38.3821,142.5084,68.02386363636363
-38.1504,141.3824,76.72474747474747
